Account,Feb 2026,"Feb 28, 2025",Mar 2025,Apr 2025,May 2025,Jun 2025,Jul 2025,Aug 2025,Sep 2025,Oct 2025,Nov 2025,Dec 2025,Jan 2026,"Mar 1-15, 2026"
ASSETS,,,,,,,,,,,,,,
Current Assets,,,,,,,,,,,,,,
Bank Accounts,,,,,,,,,,,,,,
AP Platform Clearing,58470.14,,,,,,-732.58,16790,21740.24,32940.24,33413.24,38830.24,78510.87,60700.23
Primary Checking,44240.17,,,,,36090.21,0,0,0,0,47320,70980,47780.17,36390.12
Merchant Settlement Account,2907.52,,,,,,,,,41370.21,23938.45,435.34,2907.52,2907.52
Treasury Account,1.67,,,,,851820,847340.14,691480.06,556650.06,153770.14,283.35,0.43,1.67,1.67
Digital Assets,250740.31,250740.31,250740.31,250740.31,250740.31,250740.31,250740.31,250740.31,250740.31,250740.31,250740.31,250740.31,250740.31,250740.31
Operating Account (PSP),0,2415670.32,4138280.17,7938490.32,4596700.14,10170130.58,6218430.77,7595510.26,2989050.38,13296530.43,0,0,0,0
Operating Checking,61870.55,85650.47,200810.34,193930.38,1076670.14,25960.08,149310.33,647510.30,249130.10,58910.31,96370.54,255410.27,-25450.21,1701780.44
Savings Account,0,0,0,0,0,0,0,0,0,0,0,0,0,0
Sweep Account,1297550.81,1297550.81,1297550.81,1297550.81,1297550.81,1297550.81,1297550.81,1297550.81,1297550.81,1297550.81,1297550.81,1297550.81,1297550.81,1297550.81
Treasury Reserve,14882310.42,1970890.15,2449920.41,2457240.35,1992320.35,3327030.54,3808350.14,6658290.40,10222060.24,12136510.24,15218150.41,17623080.21,14743270.14,14882310.42
PSP Settlement Account,3015490.32,,,,,,,,,473.18,3512230.21,5653250.54,2191890.42,23313720.46
Total Bank Accounts,19613581.91,6020502.06,8337301.04,12138952.17,9213981.75,15959322.53,12571639.36,17162871.08,15587921.14,27268795.86,20480047.31,25194297.15,18587911.70,41546101.98
Accounts Receivable,,,,,,,,,,,,,,
PSP Clearing Account,-99880490.14,-8238020.32,-7134640.14,-10826340.14,-7690910.32,-12941730.32,-8890280.14,-14108290.14,-22937510.14,-15118980.14,-6028210.14,-18166140.14,-7225010.14,-151270070.32
Total Accounts Receivable,-99880490.14,-8238020.32,-7134640.14,-10826340.14,-7690910.32,-12941730.32,-8890280.14,-14108290.14,-22937510.14,-15118980.14,-6028210.14,-18166140.14,-7225010.14,-151270070.32
Other Current Assets,,,,,,,,,,,,,,
Payout Provider Float,139260190.14,,,,,,,,,99.37,473190.14,10410190.14,73830190.14,159180190.14
Offramp Liquidity,-170510.17,,,,237070,237070,946870,3786070,312420.32,-170510.17,-170510.17,-170510.17,-170510.17,-170510.17
I/C Receivable - Subsidiary A,300640.17,291520.14,293670.14,296120.14,298370.14,300640.17,300640.17,300640.17,300640.17,300640.17,300640.17,300640.17,300640.17,300640.17
I/C Receivable - Subsidiary B,35080.14,31240.14,35070.14,35070.14,35080.14,35080.14,35080.14,35080.14,35080.14,35080.14,35080.14,35080.14,35080.14,35080.14
Withdrawal Fee Wallet,6955010.14,226000.14,370570.14,579960.14,841080.14,1179040.14,1616050.14,2179280.14,2870340.14,3608640.14,4333120.14,5239770.14,6061590.14,6955010.14
Digital Asset Treasury,28377100.14,5854150.14,2768200.14,2775420.14,2800600.14,2006250.14,2034310.14,1121300.14,16774940.14,106100.14,-356430.14,-956510.14,13474370.14,31220210.14
Prepaid Expenses,116620.14,22850.14,21500.14,20160.14,61400.14,69520.14,181020.14,248060.14,198190.14,237890.14,148270.14,132160.14,117700.14,116620.14
Secondary PSP Clearing,-54.62,,,,,,,,,,,,,-2145.87
Total Other Current Assets,174874076.08,6425760.56,3489010.56,3706730.56,4273600.56,3827600.56,5113970.56,7690430.56,20491610.56,4118940.76,4763360.28,14991820.28,93649060.42,197635095.56
Total Current Assets,94607167.85,4208242.3,4691671.46,5019342.59,5796671.99,6845192.77,8795329.78,10744011.50,13141021.56,16268756.48,19215197.45,22019977.29,105011961.98,87911127.22
Fixed Assets,,,,,,,,,,,,,,
Office Equipment,1580.87,,,,,,,,,,,1580.87,1580.87,2920.14
Total Fixed Assets,1580.87,0,0,0,0,0,0,0,0,0,0,1580.87,1580.87,2920.14
Other Assets,,,,,,,,,,,,,,
Domain Asset,740870,,,,,,,,,,,740870,740870,740870
Chargebacks in Dispute,669010.14,97600.14,182790.14,250340.14,138590.14,165620.14,169860.14,213580.14,261270.14,301490.14,605680.14,669010.14,669010.14,669010.14
Investment in Subsidiaries,496920,,,,473180,473180,473180,496920,496920,496920,496920,496920,496920,496920
Total Other Assets,1906800.14,97600.14,182790.14,250340.14,611770.14,638800.14,643040.14,710500.14,758190.14,798410.14,1102600.14,1906800.14,1906800.14,1906800.14
TOTAL ASSETS,96515548.86,4305842.44,4874461.6,5269682.73,6408442.13,7483992.91,9438369.92,11454511.64,13899211.7,17067166.62,20317797.59,23928358.3,106920343,89820847.5
LIABILITIES AND EQUITY,,,,,,,,,,,,,,
Liabilities,,,,,,,,,,,,,,
Current Liabilities,,,,,,,,,,,,,,
Accounts Payable,,,,,,,,,,,,,,
Accounts Payable (A/P),-29010.14,750.47,27900.14,81170.14,140620.14,176780.14,234050.14,153990.14,136920.14,36170.14,186740.14,283620.14,111890.14,-88090.14
Total Accounts Payable,-29010.14,750.47,27900.14,81170.14,140620.14,176780.14,234050.14,153990.14,136920.14,36170.14,186740.14,283620.14,111890.14,-88090.14
Credit Cards,,,,,,,,,,,,,,
Corporate Card A,326960.14,,,,,0,45650.14,141280.14,85180,180070.14,85180,97040.14,204490.14,206770.14
Corporate Card B,1005.62,70.50,236.62,482.17,350.01,389.49,106.01,4187.17,389.73,92.73,121.68,129.77,4917.14,21740.14
Expense Card,-45490.14,63.88,-12534.14,-13040.14,-13027.40,-12765.34,-12800.34,-12606.14,-12404.14,-4299.14,-122.14,-12361.14,-21020.14,-56790.14
Total Credit Cards,282475.62,134.38,-12297.52,-12558.97,-12677.39,-12375.85,32955.81,132861.17,73165.59,175863.73,85178.54,84808.77,188387.14,171720.14
Other Current Liabilities,,,,,,,,,,,,,,
Accrued Expenses,20540.14,,,,,,,,,,,,20540.14,20540.14
Merchant Funds Payable,70281510.14,-31550.14,-27470.14,-18180.14,7714.14,8573.14,32320.14,146010.14,345870.14,568750.14,674410.14,1025340.14,80861410.14,63910210.14
Merchant Advances,6151.14,,,,,,,,,,,,,8520.14
Payroll Liabilities,29420.14,,,,,,,,,,,,11525.14,29420.14
Payroll Taxes Payable,0,,,,,,,,,,,16.72,0,0
Total Other Current Liabilities,70337621.56,-31550.14,-27470.14,-18180.14,7714.14,8573.14,32320.14,146010.14,345870.14,568750.14,674410.14,1025356.86,80893475.42,63968690.86
Total Current Liabilities,70591087.04,-30665.29,-11867.52,50431.03,135656.89,172977.43,299326.09,432861.45,555955.87,780783.01,946328.82,1393785.77,81193752.70,64052320.86
Total Liabilities,70591087.04,-30665.29,-11867.52,50431.03,135656.89,172977.43,299326.09,432861.45,555955.87,780783.01,946328.82,1393785.77,81193752.70,64052320.86
Equity,,,,,,,,,,,,,,
Common Stock,47.32,47.32,47.32,47.32,47.32,47.32,47.32,47.32,47.32,47.32,47.32,47.32,47.32,47.32
Opening Balance Equity,1297551.81,1297550.81,1297550.81,1297550.81,1297550.81,1297550.81,1297551.81,1297551.81,1297551.81,1297551.81,1297551.81,1297551.81,1297551.81,1297551.81
Owner's Distributions,-7.00,,,,,,,,,,,,-7.00,-7.00
Preferred Stock,1324720,1324720,1324720,1324720,1324720,1324720,1324720,1324720,1324720,1324720,1324720,1324720,1324720,1324720
Retained Earnings,19910460.14,1237520.14,1237520.14,1237520.14,1237520.14,1237520.14,1237520.14,1237520.14,1237520.14,1237520.14,1237520.14,1237520.14,19910460.14,19910460.14
Net Income,3391689.55,475669.46,1025490.85,1357413.43,2414946.97,3451177.21,5279204.56,7141810.92,9483416.56,12426544.34,15511629.50,18673733.26,3193818.03,3274754.37
Total Equity,25924461.82,4335507.73,4885328.12,5217251.70,6274785.24,7311015.48,9139043.83,11001649.19,13343255.83,16286383.61,19371468.77,22533572.53,25726590.30,25807526.64
TOTAL LIABILITIES AND EQUITY,96515548.86,4305842.44,4873460.6,5267682.73,6410442.13,7483992.91,9438369.92,11434510.64,13899211.70,17067166.62,20317797.59,23927358.30,106920342.00,89859847.5
